,age,sex,bmi,children,smoker,region,InsuranceCost
0,19,0,27.9,0,1,3,24797.36221759888
1,18,1,33.8,1,1,1,27464.402689760165
2,28,0,33.0,3,1,2,30498.61547784633
3,33,1,22.7,0,0,3,3229.2413306626186
4,32,0,28.9,0,0,1,5614.773702863158
5,31,1,25.7,0,0,2,3979.5055147012918
